{
	"credit": "Made with Blockbench",
	"textures": {
		"0": "item/turret/turret_side_g",
		"1": "item/turret/turret_tube",
		"particle": "item/turret/turret_side_g"
	},
	"elements": [
		{
			"from": [3, 0, 3],
			"to": [13, 3, 13],
			"rotation": {"angle": 0, "axis": "y", "origin": [12, 8, 12]},
			"faces": {
				"north": {"uv": [0, 0, 10, 3], "texture": "#0"},
				"east": {"uv": [0, 0, 10, 3], "texture": "#0"},
				"south": {"uv": [0, 0, 10, 3], "texture": "#0"},
				"west": {"uv": [0, 0, 10, 3], "texture": "#0"},
				"up": {"uv": [12, 4, 15, 7], "texture": "#0"},
				"down": {"uv": [0, 0, 10, 10], "texture": "#0"}
			}
		},
		{
			"from": [4, 12, 4],
			"to": [12, 13, 12],
			"rotation": {"angle": 0, "axis": "y", "origin": [12, 20, 12]},
			"faces": {
				"north": {"uv": [0, 0, 8, 1], "texture": "#0"},
				"east": {"uv": [0, 0, 8, 1], "texture": "#0"},
				"south": {"uv": [0, 0, 8, 1], "texture": "#0"},
				"west": {"uv": [0, 0, 8, 1], "texture": "#0"},
				"up": {"uv": [0, 0, 8, 8], "texture": "#0"},
				"down": {"uv": [0, 0, 8, 8], "texture": "#0"}
			}
		},
		{
			"from": [6, 3, 6],
			"to": [10, 16, 10],
			"rotation": {"angle": 0, "axis": "y", "origin": [13, 11, 11]},
			"faces": {
				"north": {"uv": [0, 4, 4, 11], "texture": "#0"},
				"east": {"uv": [6, 0, 13, 14], "texture": "#0"},
				"south": {"uv": [0, 4, 4, 11], "texture": "#0"},
				"west": {"uv": [6, 0, 13, 14], "texture": "#0"},
				"up": {"uv": [0, 0, 4, 4], "texture": "#0"},
				"down": {"uv": [0, 0, 4, 4], "texture": "#0"}
			}
		},
		{
			"from": [5, 11, 2],
			"to": [12, 19, 14],
			"rotation": {"angle": 0, "axis": "x", "origin": [9, 18, 7]},
			"faces": {
				"north": {"uv": [0, 10, 4, 15], "texture": "#0"},
				"east": {"uv": [5, 0, 10, 4], "rotation": 90, "texture": "#0"},
				"south": {"uv": [9, 0, 13, 5], "rotation": 180, "texture": "#0"},
				"west": {"uv": [0, 0, 5, 4], "rotation": 270, "texture": "#0"},
				"up": {"uv": [5, 5, 9, 9], "texture": "#0"},
				"down": {"uv": [12, 9, 16, 13], "rotation": 180, "texture": "#0"}
			}
		},
		{
			"from": [7, 12, 10],
			"to": [10, 15, 23],
			"rotation": {"angle": 0, "axis": "x", "origin": [9, 20, 7]},
			"faces": {
				"north": {"uv": [0, 1, 2, 3], "rotation": 180, "texture": "#1"},
				"east": {"uv": [0, 0, 4, 2], "rotation": 180, "texture": "#1"},
				"south": {"uv": [7, 0, 9, 2], "rotation": 180, "texture": "#1"},
				"west": {"uv": [5, 6, 9, 8], "rotation": 180, "texture": "#1"},
				"up": {"uv": [0, 8, 2, 12], "rotation": 180, "texture": "#1"},
				"down": {"uv": [1, 7, 3, 11], "rotation": 180, "texture": "#1"}
			}
		},
		{
			"from": [4, 12, 3],
			"to": [13, 18, 12],
			"rotation": {"angle": 0, "axis": "x", "origin": [11, 17, 7]},
			"faces": {
				"north": {"uv": [0, 0, 14, 5], "rotation": 180, "texture": "#0"},
				"east": {"uv": [6, 11, 16, 16], "rotation": 180, "texture": "#0"},
				"south": {"uv": [0, 0, 16, 5], "rotation": 180, "texture": "#0"},
				"west": {"uv": [4, 11, 14, 16], "rotation": 180, "texture": "#0"},
				"up": {"uv": [0, 0, 13, 5], "texture": "#0"},
				"down": {"uv": [2, 0, 4, 9], "texture": "#0"}
			}
		}
	],
	"display": {
		"thirdperson_righthand": {
			"rotation": [0, -180, 1],
			"translation": [0.25, -0.75, 2],
			"scale": [0.51, 0.49, 0.5]
		},
		"thirdperson_lefthand": {
			"rotation": [0, -180, 1],
			"translation": [0.25, -0.75, 2],
			"scale": [0.51, 0.49, 0.5]
		},
		"firstperson_righthand": {
			"rotation": [5, -170, 3],
			"translation": [0, 2, -0.25],
			"scale": [0.49, 0.49, 0.5]
		},
		"firstperson_lefthand": {
			"rotation": [5, -170, 3],
			"translation": [0, 2, -0.25],
			"scale": [0.49, 0.49, 0.5]
		},
		"ground": {
			"translation": [0, 1.5, 0],
			"scale": [0.49, 0.49, 0.5]
		},
		"gui": {
			"rotation": [28, -47, 0],
			"translation": [0.5, -1, 0],
			"scale": [0.61, 0.6, 0.6]
		},
		"head": {
			"rotation": [-180, 0, -180],
			"translation": [0.5, 3.25, 0]
		},
		"fixed": {
			"translation": [0, 0.5, -3],
			"scale": [0.64, 0.66, 0.65]
		}
	},
	"groups": [0, 1, 2,
		{
			"name": "turret_tube",
			"origin": [8, 8, 8],
			"children": []
		},
		{
			"name": "turret_head_g",
			"origin": [8, 8, 8],
			"children": [3, 4, 5]
		}
	]
}