{
    "parent": "block/cube",
    "textures": {
        "particle": "block/horn_coral_block",
        "all": "block/horn_coral_block"
    },
    "elements": [
        {
           "from": [ 0, 0, 0 ],
            "to": [ 16, 16, 16 ],
            "faces": {
                "down":  { "uv": [8,8, 16,16], "texture": "#all", "cullface": "down" },
                "up":    { "uv": [8,0, 16,8], "texture": "#all", "cullface": "up" },
                "north": { "uv": [0,8, 8,16], "texture": "#all", "cullface": "north" },
                "south": { "uv": [0,8, 8,16], "texture": "#all", "cullface": "south" },
                "west":  { "uv": [0,8, 8,16], "texture": "#all", "cullface": "west" },
                "east":  { "uv": [0,8, 8,16], "texture": "#all", "cullface": "east" }
            }
        }
    ]
}