{
    "parent": "item/handheld_roda",
    "textures": {
        "layer0": "item/rifle"
    },
    "display": {
        "thirdperson_righthand": {
            "rotation": [ 0, 90, 35 ],
            "translation": [ -1.5, 1.5, 8 ],
            "scale": [ 1.2, 1.2, 1.2 ]
        },
        "thirdperson_lefthand": {
            "rotation": [ 90, 0, 45 ],
            "translation": [ -7, -1, 2 ],
            "scale": [ 1.2, 1.2, 1.2 ]
        },
        "firstperson_righthand": {
            "rotation": [ 0, 90, -51 ],
            "translation": [ -8.95, 6.2, 2.8 ],
            "scale": [ 1, 1.2, 1.2 ]
        },
        "firstperson_lefthand": {
            "rotation": [ 0, 0, 45 ],
            "translation": [ -10, 6.5, 0],
            "scale": [ 1.3, 1.3, 1.3 ]
        },
        "ground": {
            "rotation": [ 0, 0, 0 ],
            "translation": [ 0, 3, 0],
            "scale": [ 0.7, 0.7, 0.7 ]
        }
    }
}
