{
	"credit": "Made with Blockbench",
	"textures": {
		"0": "item/turret/turret_side_g",
		"1": "item/turret/turret_tube",
		"particle": "item/turret/turret_side_g"
	},
	"elements": [
		{
			"from": [4, -6, 2],
			"to": [12, 6, 17],
			"rotation": {"angle": 0, "axis": "x", "origin": [8, -1, 12]},
			"faces": {
				"north": {"uv": [9, 0, 13, 5], "texture": "#0"},
				"east": {"uv": [5, 0, 10, 4], "rotation": 270, "texture": "#0"},
				"south": {"uv": [0, 10, 4, 15], "rotation": 180, "texture": "#0"},
				"west": {"uv": [0, 0, 5, 4], "rotation": 90, "texture": "#0"},
				"up": {"uv": [12, 9, 16, 13], "rotation": 180, "texture": "#0"},
				"down": {"uv": [5, 5, 9, 9], "texture": "#0"}
			}
		},
		{
			"from": [6, 6, 5],
			"to": [10, 21, 9],
			"rotation": {"angle": 0, "axis": "x", "origin": [8, -1, 12]},
			"faces": {
				"north": {"uv": [0, 8, 2, 12], "texture": "#1"},
				"east": {"uv": [0, 0, 4, 2], "rotation": 270, "texture": "#1"},
				"south": {"uv": [1, 7, 3, 11], "rotation": 180, "texture": "#1"},
				"west": {"uv": [5, 6, 9, 8], "rotation": 90, "texture": "#1"},
				"up": {"uv": [7, 0, 9, 2], "rotation": 180, "texture": "#1"},
				"down": {"uv": [0, 1, 2, 3], "texture": "#1"}
			}
		},
		{
			"from": [0, -4, 4],
			"to": [16, 5, 16],
			"rotation": {"angle": 0, "axis": "y", "origin": [8, 7, 12]},
			"faces": {
				"north": {"uv": [0, 0, 16, 5], "texture": "#0"},
				"east": {"uv": [6, 11, 16, 16], "texture": "#0"},
				"south": {"uv": [0, 0, 14, 5], "texture": "#0"},
				"west": {"uv": [4, 11, 14, 16], "texture": "#0"},
				"up": {"uv": [2, 0, 4, 9], "texture": "#0"},
				"down": {"uv": [0, 0, 13, 5], "texture": "#0"}
			}
		}
	],
	"display": {
		"thirdperson_righthand": {
			"rotation": [-19, 0, 0],
			"translation": [0, 2.5, 0],
			"scale": [0.42, 0.42, 0.44]
		},
		"thirdperson_lefthand": {
			"rotation": [-19, 0, 0],
			"translation": [0, 2.5, 0],
			"scale": [0.42, 0.42, 0.44]
		},
		"firstperson_righthand": {
			"rotation": [-83, 0, 0],
			"translation": [0, 2.5, 0],
			"scale": [0.42, 0.42, 0.44]
		},
		"firstperson_lefthand": {
			"rotation": [-83, 0, 0],
			"translation": [0, 2.5, 0],
			"scale": [0.42, 0.42, 0.44]
		},
		"ground": {
			"rotation": [-90, 0, 0],
			"translation": [0, 3.25, 0],
			"scale": [0.5, 0.5, 0.49]
		},
		"gui": {
			"rotation": [-90, 0, -180],
			"translation": [0, -1.5, 0],
			"scale": [0.73, 0.73, 0.73]
		},
		"head": {
			"rotation": [-90, 0, 0],
			"translation": [0, -0.75, -10]
		},
		"fixed": {
			"rotation": [88, -180, -180],
			"translation": [0, 0, -6.75],
			"scale": [0.64, 0.64, 0.66]
		}
	}
}