{
	"credit": "Made with Blockbench",
	"textures": {
		"0": "item/turret/turret_side_g",
		"particle": "item/turret/turret_side_g"
	},
    "display": {
        "thirdperson_righthand": {
            "rotation": [ 0, -80, -75 ],
            "translation": [ -8, -6, -1],
            "scale": [ 1.5, 1.5, 1.6 ]
        }
    },
	"elements": [
		{
			"from": [3, 0, 3],
			"to": [13, 3, 13],
			"rotation": {"angle": 0, "axis": "y", "origin": [12, 8, 12]},
			"faces": {
				"north": {"uv": [0, 0, 10, 3], "texture": "#0"},
				"east": {"uv": [0, 0, 10, 3], "texture": "#0"},
				"south": {"uv": [0, 0, 10, 3], "texture": "#0"},
				"west": {"uv": [0, 0, 10, 3], "texture": "#0"},
				"up": {"uv": [12, 4, 15, 7], "texture": "#0"},
				"down": {"uv": [0, 0, 10, 10], "texture": "#0"}
			}
		},
		{
			"from": [4, 12, 4],
			"to": [12, 13, 12],
			"rotation": {"angle": 0, "axis": "y", "origin": [12, 20, 12]},
			"faces": {
				"north": {"uv": [0, 0, 8, 1], "texture": "#0"},
				"east": {"uv": [0, 0, 8, 1], "texture": "#0"},
				"south": {"uv": [0, 0, 8, 1], "texture": "#0"},
				"west": {"uv": [0, 0, 8, 1], "texture": "#0"},
				"up": {"uv": [0, 0, 8, 8], "texture": "#0"},
				"down": {"uv": [0, 0, 8, 8], "texture": "#0"}
			}
		},
		{
			"from": [6, 3, 6],
			"to": [10, 16, 10],
			"rotation": {"angle": 0, "axis": "y", "origin": [13, 11, 11]},
			"faces": {
				"north": {"uv": [0, 4, 4, 11], "texture": "#0"},
				"east": {"uv": [6, 0, 13, 14], "texture": "#0"},
				"south": {"uv": [0, 4, 4, 11], "texture": "#0"},
				"west": {"uv": [6, 0, 13, 14], "texture": "#0"},
				"up": {"uv": [0, 0, 4, 4], "texture": "#0"},
				"down": {"uv": [0, 0, 4, 4], "texture": "#0"}
			}
		}
	]
}