{
    "parent": "item/handhelda",
    "display": {
        "thirdperson_righthand": {
            "rotation": [ 0, 90, 90 ],
            "translation": [ 0, 4.0, 2.5 ],
            "scale": [ 2.0, 2.0, 2.0 ]
        },
        "thirdperson_lefthand": {
            "rotation": [ 0, -90, -145 ],
            "translation": [ 0, 4.0, 2.5 ],
            "scale": [ 2.0, 2.0, 2.0 ]
        },
        "firstperson_righthand": {
            "rotation": [ 0, 90, 0 ],
            "translation": [ -6, 6, 6 ],
            "scale": [ 1,1,1 ]
        },
        "firstperson_lefthand": {
            "rotation": [ 0, -90, -90 ],
            "translation": [ -5, 6, 6 ],
            "scale": [ 1,1,1 ]
        }
    }
}
