{
    "parent": "item/handheld_roda",
    "textures": {
        "layer0": "item/double_barrel_shotgun_copper"
    },
    "display": {
        "thirdperson_righthand": {
            "rotation": [ 0, 90, 30 ],
            "translation": [ -1.5, 3.5, 2.5 ],
            "scale": [ 1.2, 1.2, 1.2 ]
        },
        "thirdperson_lefthand": {
            "rotation": [ 0, -90, -90 ],
            "translation": [ -1, 4, 8],
            "scale": [ 1.2, 1.2, 1.2 ]
        },
        "firstperson_righthand": {
            "rotation": [ 0, 90, -45 ],
            "translation": [ -3.5, 4.5, 2.3],
            "scale": [ 0.8, 0.8, 0.8 ]
        },
        "firstperson_lefthand": {
            "rotation": [ 0, 0, 45 ],
            "translation": [ -9, 6, 5],
            "scale": [ 0.8, 0.8, 0.8 ]
        },
        "ground": {
            "rotation": [ 0, 0, 0 ],
            "translation": [ 0, 3, 0],
            "scale": [ 0.7, 0.7, 0.7 ]
        }
    }
}
