{
	"credit": "Made with Blockbench",
	"textures": {
		"0": "item/turret/turret_side_g",
		"1": "item/turret/turret_tube",
		"particle": "item/turret/turret_side_g"
	},
"display": {
        "thirdperson_righthand": {
            "rotation": [ 0, 90, 35 ],
            "translation": [ -1.5, 3.5, 2.5 ],
            "scale": [ 0.5, 0.5, 0.5 ]
        },
        "thirdperson_lefthand": {
            "rotation": [ 0, 90, 35 ],
            "translation": [ -1.5, 3.5, 2.5 ],
            "scale": [ 0.5, 0.5, 0.5 ]
        },
        "firstperson_righthand": {
            "rotation": [ 0, 90, -40 ],
            "translation": [ -3, 3, -1],
            "scale": [ 0.5, 0.5, 0.5 ]
        },
        "firstperson_lefthand": {
            "rotation": [ 0, 90, -40 ],
            "translation": [ -3, 3, -1],
            "scale": [ 0.5, 0.5, 0.5 ]
        },
        "ground": {
            "rotation": [ 0, 0, 0 ],
            "translation": [ 0, 3, 0],
            "scale": [ 0.5, 0.5, 0.5 ]
        }
    },
	"elements": [
		{
			"from": [1, -1, 1],
			"to": [15, 3, 15],
			"rotation": {"angle": 0, "axis": "y", "origin": [10, 7, 13]},
			"faces": {
				"north": {"uv": [0, 0, 10, 3], "texture": "#0"},
				"east": {"uv": [0, 0, 10, 3], "texture": "#0"},
				"south": {"uv": [0, 0, 10, 3], "texture": "#0"},
				"west": {"uv": [0, 0, 10, 3], "texture": "#0"},
				"up": {"uv": [12, 4, 15, 7], "texture": "#0"},
				"down": {"uv": [0, 0, 10, 10], "texture": "#0"}
			}
		},
		{
			"from": [4, 12, 4],
			"to": [12, 13, 12],
			"rotation": {"angle": 0, "axis": "y", "origin": [12, 20, 12]},
			"faces": {
				"north": {"uv": [0, 0, 8, 1], "texture": "#0"},
				"east": {"uv": [0, 0, 8, 1], "texture": "#0"},
				"south": {"uv": [0, 0, 8, 1], "texture": "#0"},
				"west": {"uv": [0, 0, 8, 1], "texture": "#0"},
				"up": {"uv": [0, 0, 8, 8], "texture": "#0"},
				"down": {"uv": [0, 0, 8, 8], "texture": "#0"}
			}
		},
		{
			"from": [6, 3, 5],
			"to": [11, 26, 10],
			"rotation": {"angle": 0, "axis": "y", "origin": [13, 11, 11]},
			"faces": {
				"north": {"uv": [0, 4, 4, 11], "texture": "#0"},
				"east": {"uv": [6, 0, 13, 14], "texture": "#0"},
				"south": {"uv": [0, 4, 4, 11], "texture": "#0"},
				"west": {"uv": [6, 0, 13, 14], "texture": "#0"},
				"up": {"uv": [0, 0, 4, 4], "texture": "#0"},
				"down": {"uv": [0, 0, 4, 4], "texture": "#0"}
			}
		},
		{
			"from": [4, 11, 2],
			"to": [12, 23, 17],
			"rotation": {"angle": 0, "axis": "x", "origin": [8, 18, 7]},
			"faces": {
				"north": {"uv": [0, 10, 4, 15], "texture": "#0"},
				"east": {"uv": [5, 0, 10, 4], "rotation": 90, "texture": "#0"},
				"south": {"uv": [9, 0, 13, 5], "rotation": 180, "texture": "#0"},
				"west": {"uv": [0, 0, 5, 4], "rotation": 270, "texture": "#0"},
				"up": {"uv": [5, 5, 9, 9], "texture": "#0"},
				"down": {"uv": [12, 9, 16, 13], "rotation": 180, "texture": "#0"}
			}
		},
		{
			"from": [6, -4, 10],
			"to": [10, 11, 14],
			"rotation": {"angle": 0, "axis": "x", "origin": [8, 18, 7]},
			"faces": {
				"north": {"uv": [1, 7, 3, 11], "texture": "#1"},
				"east": {"uv": [0, 0, 4, 2], "rotation": 90, "texture": "#1"},
				"south": {"uv": [0, 8, 2, 12], "rotation": 180, "texture": "#1"},
				"west": {"uv": [5, 6, 9, 8], "rotation": 270, "texture": "#1"},
				"up": {"uv": [0, 1, 2, 3], "texture": "#1"},
				"down": {"uv": [7, 0, 9, 2], "rotation": 180, "texture": "#1"}
			}
		},
		{
			"from": [0, 12, 3],
			"to": [16, 21, 15],
			"rotation": {"angle": 0, "axis": "x", "origin": [8, 18, 7]},
			"faces": {
				"north": {"uv": [0, 0, 14, 5], "rotation": 180, "texture": "#0"},
				"east": {"uv": [6, 11, 16, 16], "rotation": 180, "texture": "#0"},
				"south": {"uv": [0, 0, 16, 5], "rotation": 180, "texture": "#0"},
				"west": {"uv": [4, 11, 14, 16], "rotation": 180, "texture": "#0"},
				"up": {"uv": [0, 0, 13, 5], "texture": "#0"},
				"down": {"uv": [2, 0, 4, 9], "texture": "#0"}
			}
		}
	],
	"groups": [0, 1, 2,
		{
			"name": "turret_tube",
			"origin": [8, 8, 8],
			"children": []
		},
		{
			"name": "turret_head_g",
			"origin": [8, 8, 8],
			"children": [3, 4, 5]
		}
	]
}