{
	"credit": "Made with Blockbench",
	"textures": {
		"0": "item/turret/turret_side_g",
		"1": "item/turret/turret_tube",
		"particle": "item/turret/turret_side_g"
	},
	"elements": [
		{
			"from": [4, -6, 1],
			"to": [12, 6, 16],
			"rotation": {"angle": 0, "axis": "x", "origin": [8, -1, 11]},
			"faces": {
				"north": {"uv": [9, 0, 13, 5], "texture": "#0"},
				"east": {"uv": [5, 0, 10, 4], "rotation": 270, "texture": "#0"},
				"south": {"uv": [0, 10, 4, 15], "rotation": 180, "texture": "#0"},
				"west": {"uv": [0, 0, 5, 4], "rotation": 90, "texture": "#0"},
				"up": {"uv": [12, 9, 16, 13], "rotation": 180, "texture": "#0"},
				"down": {"uv": [5, 5, 9, 9], "texture": "#0"}
			}
		},
		{
			"from": [6, 6, 4],
			"to": [10, 21, 8],
			"rotation": {"angle": 0, "axis": "x", "origin": [8, -1, 11]},
			"faces": {
				"north": {"uv": [0, 8, 2, 12], "texture": "#1"},
				"east": {"uv": [0, 0, 4, 2], "rotation": 270, "texture": "#1"},
				"south": {"uv": [1, 7, 3, 11], "rotation": 180, "texture": "#1"},
				"west": {"uv": [5, 6, 9, 8], "rotation": 90, "texture": "#1"},
				"up": {"uv": [7, 0, 9, 2], "rotation": 180, "texture": "#1"},
				"down": {"uv": [0, 1, 2, 3], "texture": "#1"}
			}
		}
	],
	"display": {}
}