{
    "parent": "item/handheld_roda",
    "textures": {
        "layer0": "item/smg_silenced"
    },
   "display": {
        "thirdperson_righthand": {
            "rotation": [ 0, 90, 35 ],
            "translation": [ -1.5, 3.5, 2.5 ],
            "scale": [ 1, 1, 1 ]
        },
        "thirdperson_lefthand": {
            "rotation": [ 90, 0, 45 ],
            "translation": [ -7, -1, 2 ],
            "scale": [ 1, 1, 1 ]
        },
        "firstperson_righthand": {
            "rotation": [ 0, 90, -40 ],
            "translation": [ -3, 3, 1],
            "scale": [ 0.8, 0.8, 0.8 ]
        },
        "firstperson_lefthand": {
            "rotation": [ 0, 0, 45 ],
            "translation": [ -10, 3.5, 0],
            "scale": [ 1, 1, 1 ]
        },
        "ground": {
            "rotation": [ 0, 0, 0 ],
            "translation": [ 0, 3, 0],
            "scale": [ 0.5, 0.5, 0.5 ]
        }
    }
}
